number_in_list	fold_enrichment	fdr	expected	number_in_reference	pValue	GO_id	GO_label
14	0.721800433839479	0.060303950486469006	19.395942900075134	3688	0.000717904172457965		UNCLASSIFIED
2	54.3265306122449	0.038560918684869	0.036814425244177	7	0.0009181171115445199	P04372	5-Hydroxytryptamine degredation
2	18.108843537414966	0.17286336749647802	0.11044327573253102	21	0.006173691696302001	P02738	De novo purine biosynthesis
1	63.38095238095238	0.43618695711778904	0.015777610818933002	3	0.020770807481799002	P02722	Acetate utilization
1	47.53571428571429	0.435102198895209	0.021036814425244	4	0.025898940410429002	P02779	Thiamin biosynthesis
1	38.02857142857143	0.434020863305457	0.026296018031555003	5	0.031001490236104004	P00030	Hypoxia response via HIF activation
